Date,Close Price,High Price,Low Price,Volume,Moving Average (50 days),Moving Average (200 days),Change,Percentage Change
5/17/2022,1035.42,1060.41,1008.71,4587,1023,1008.98,-7.74,-0.75
5/18/2022,1834.77,1854.81,1820.66,48532,,1773.3,-3.34,-0.18
5/19/2022,1299.43,1338.65,1279.73,58306,1332.39,1347.57,,
5/20/2022,1613.39,1638.25,1589.38,25687,,1570.26,,
5/21/2022,1005.77,,977.2,34795,978.58,986.95,0.86,0.09
5/22/2022,1047.9,1069.86,1004.64,,1056.73,1074.81,8.71,0.83
5/23/2022,,,,7638,,,,
5/24/2022,1513.96,1562.02,1465.76,53205,1478.09,1559.01,,
5/25/2022,1157.94,1163.9,1119.24,92230,1147.96,1134.36,8.6,0.74
5/26/2022,1327.71,1350.49,1305.96,,1336.33,1335.3,-1.71,-0.13
5/27/2022,1150.51,1161.44,1144.47,23797,1160.07,1175.71,8.66,0.75
5/28/2022,1055.23,1075.51,1037,,1044.17,,2.74,0.26
5/29/2022,1593.96,1607.18,1573.22,20760,1577,1633.74,,
5/30/2022,1558.94,1594.49,1541.1,41418,,1617.81,-1.79,-0.11
5/31/2022,1051.52,1065.67,1009.48,71769,1048.74,,,
6/1/2022,1122.32,1144.08,1109.21,3903,1119.25,1116.37,-5.72,-0.51
6/2/2022,1198.23,1216.3,1188.72,76478,1217.2,1151.04,,
6/3/2022,1721.3,1756.19,1684.69,60972,1764.93,1772.72,,
6/4/2022,1504.15,1535.36,1495.12,23863,1530.33,1472.52,-9.18,-0.61
6/5/2022,1828.73,1844.38,1780.79,27922,1811.9,1866.15,,
6/6/2022,1137.87,1148.1,1105.04,47459,1132.46,1178.67,,
6/7/2022,1091.02,1130.8,1071.65,26416,,,8.92,0.82
6/8/2022,1737.19,1752.18,1699.21,95018,,,-8.94,-0.51
6/9/2022,1793.9,1824.85,1785.56,7494,,1822.86,,
6/10/2022,1869.6,1896.58,1853.35,,1860.12,,-7.06,-0.38
6/11/2022,1618.69,1648.97,1575.38,,1636.24,1630.74,-8.76,-0.54
6/12/2022,1935.24,1983.77,1900.36,31360,1993.14,1887.88,,
6/13/2022,,,,,,,,
6/14/2022,,,,39197,,,,
6/15/2022,1476.39,,,19409,1506.37,1417.57,7.1,0.48
6/16/2022,1373.66,1406.49,1343.33,73651,1388.55,1364.67,-2.54,-0.18
6/17/2022,,,,69902,,,,
6/18/2022,1084.54,1101.77,,33180,1111.3,1095.68,-0.42,-0.04
6/19/2022,1291.75,1302.61,1279.34,14420,1276.2,,7.32,0.57
6/20/2022,,,,30887,,,,
6/21/2022,1077.02,1117.93,1070.89,7742,1046.27,1045.85,,
6/22/2022,1460.63,1481.01,1416.12,77797,1448.68,,,
6/23/2022,1981.8,1986.82,1972.3,35927,2021.45,,,
6/24/2022,1559.47,1570.58,1522.57,93560,1572.58,1508.83,6.94,0.45
6/25/2022,1033.96,1080.02,1028.64,3675,1039.21,1007.71,1.84,0.18
6/26/2022,1408.98,1439.47,1360.27,54419,1427.96,1342.06,,
6/27/2022,1870.71,1895.64,1863.97,16833,1887.14,1923.86,,
6/28/2022,1029.52,1072.95,1004.09,65567,1060.36,1071.85,-8.8,-0.85
6/29/2022,1493.58,,1458.38,4817,,1437.39,9.42,0.63
6/30/2022,1575.55,,1536.13,83518,1592.83,1622.61,1.13,0.07
7/1/2022,1324.42,1345.36,1280.99,81851,1325.83,1268.59,,
7/2/2022,1224.93,1252.28,1184.81,45492,1248.3,1226.47,,
7/3/2022,1134.84,1160.72,1105.25,70514,1137.7,,7.28,0.64
7/4/2022,1462.34,1487.22,1429.45,18443,1434.22,1408.73,-1.09,-0.07
7/5/2022,1084.38,1125.46,1057.76,68320,1072.29,1096.8,,
7/6/2022,1995.97,2006.52,,23162,,2071.92,3.77,0.19
7/7/2022,1015.68,1045.21,972.16,22899,1034.5,988.9,5.5,0.54
7/8/2022,1252.84,1265.49,1217.47,65765,1254.38,1281.75,2.27,0.18
7/9/2022,1508.85,1534.14,1473.02,1695,,1543.94,1.99,0.13
7/10/2022,1919.12,1956.92,1906.81,51125,1971.49,,9.3,0.48
7/11/2022,1552.62,1565.97,1503.96,85780,1586.59,1521.21,,
7/12/2022,1946.13,1967.44,1936.13,22032,1897.69,,-0.56,-0.03
7/13/2022,1076.87,1096.59,1032.34,6859,1064.1,1080.15,,
7/14/2022,1481.44,1487.82,1432.16,94490,1500.76,1534.87,,
7/15/2022,1645.06,1656.88,,38155,,,4.94,0.3
7/16/2022,,,,64934,,,,
7/17/2022,1783.18,1825.14,1734.64,25764,1751.92,1699.4,,
7/18/2022,,,,59104,,,,
7/19/2022,1680.66,1697.41,,95450,,1723.77,0.99,0.06
7/20/2022,1715.43,1756.62,1673.96,9789,1716.11,1721.2,4.43,0.26
7/21/2022,1592.03,1607.7,1576.12,44411,1549.21,1570.52,-2.97,-0.19
7/22/2022,1103.6,1119.87,1083.25,,1127.97,1157.14,8.02,0.73
7/23/2022,1866.67,1881.61,1844.58,8546,,1879.31,8.62,0.46
7/24/2022,1311.56,1318.74,1303.87,60024,1298.76,1251.93,8.27,0.63
7/25/2022,1132.74,1174.02,1125.27,,1119.32,1138.71,9.17,0.81
7/26/2022,1609.6,1642.44,1604.46,98413,1585.24,1562.53,,
7/27/2022,1151.5,,1126.17,80121,1139.3,1144.69,-9.49,-0.82
7/28/2022,1060.89,1072.2,1049.89,70601,1066.52,1106.13,-1.13,-0.11
7/29/2022,1892.06,1921.41,1845.61,,,1809.37,,
7/30/2022,1050.45,1074.79,1044.15,53610,1058.99,1009.17,2.92,0.28
7/31/2022,1267.31,1281.54,1250.85,63993,1276.58,1321.57,,
8/1/2022,1819.1,1829.77,1785.58,,,,-1.88,-0.1
8/2/2022,1146.54,1165.9,1112.19,98612,,1144.31,3.98,0.35
8/3/2022,1532.77,1572.65,1484.22,92301,1489.59,1560.66,0.89,0.06
8/4/2022,1379.61,1423.22,1333.79,17485,1386.85,,9.81,0.71
8/5/2022,1779.87,1824.14,1734.88,4980,,1791.73,5.64,0.32
8/6/2022,1379.58,1424.66,1368.87,5178,,1431.84,,
8/7/2022,1452.77,1466.76,1411.25,,1430.9,1398.97,-5.95,-0.41
8/8/2022,1909.84,1943.87,1863.34,18859,1920.02,1881.52,-7.69,-0.4
8/9/2022,1657.16,1691.47,1617.07,83404,,1619.46,,
8/10/2022,1090.05,1098.27,,51988,1087.3,1043.45,8.44,0.77
8/11/2022,,,,30576,,,,
8/12/2022,1221.4,1237.26,1172.1,26288,1213.79,1228.73,-5.65,-0.46
8/13/2022,1865.07,1871.59,1844.44,,1905.53,1864.61,7.04,0.38
8/14/2022,1451.32,,1433.96,5099,1429.54,1467.22,-4.58,-0.32
8/15/2022,1127.29,1149.29,1094.9,15820,1152.16,,,
8/16/2022,1708.07,1731.11,,22747,1702.75,1641.14,8.15,0.48
8/17/2022,1170.17,1195.77,1128.31,50755,1169.53,1177.01,,
8/18/2022,1188.22,1220.16,1172.01,28531,1188.27,1188.47,-2.93,-0.25
8/19/2022,1193.01,1198.84,1179.02,6008,,1189.17,,
8/20/2022,,,,9816,,,,
8/21/2022,1521.05,1528.32,1497.41,1446,1561.85,1552.61,,
8/22/2022,,,,31722,,,,
8/23/2022,1700.17,1725.93,1693.23,5964,,,-9.65,-0.57
8/24/2022,1800.13,1845.2,1786.95,1299,1764.62,1886.52,,
8/25/2022,1391.69,1419.49,1377.36,21107,1403.18,,0.15,0.01
8/26/2022,1122.13,1141.31,1112.01,,1138.8,,,
8/27/2022,1540.27,1572.05,1534.75,2718,1577.24,1567.3,,
8/28/2022,1339.15,,,82797,1362.25,1297.12,0.4,0.03
8/29/2022,,,,46514,,,,
8/30/2022,1342.02,1382.12,1332.9,24713,1370.79,,9.87,0.74
8/31/2022,1887.22,1903.16,1862.22,20394,1883.15,1948.37,-1.95,-0.1
9/1/2022,1923.31,1970.87,1888.42,59582,1892.46,1917.93,-7.42,-0.39
9/2/2022,1480.1,1488.47,1462.1,73126,,,,
9/3/2022,1275.36,1284.36,1245.87,94087,1288.51,,-5.55,-0.44
9/4/2022,1203.12,1219.56,1179.88,38080,1174.25,1210.54,1.07,0.09
9/5/2022,1782.69,1826.35,1769.99,53429,,1795.5,,
9/6/2022,1461.07,1482.47,1421.71,30304,1492.47,,,
9/7/2022,1652.46,,1606.45,13214,1648.6,,,
9/8/2022,1094.81,1132.17,1079.42,,1093.17,1060.64,4.32,0.39
9/9/2022,1754.75,1762.27,1717.38,49354,1799.16,1683.24,8.05,0.46
9/10/2022,1773.93,1784.29,1767.78,11292,,1839.25,,
9/11/2022,,,,7630,,,,
9/12/2022,1177.53,,1141.67,28056,1185.25,1148.15,9.96,0.85
9/13/2022,1519.78,1528.91,1495.86,30790,1504.08,1568.29,,
9/14/2022,1869.8,1907.42,1821.09,9190,1925.34,1893.72,-2.55,-0.14
9/15/2022,1420.43,1451.97,1397.87,49550,1393.89,1381.6,-0.37,-0.03
9/16/2022,1647.35,1669.71,1627.85,,1691.42,,6.97,0.42
9/17/2022,1570.48,1604.36,,79690,1561.77,,8.11,0.52
9/18/2022,1482.92,1522.42,1459.93,21193,1497.77,1474.83,,
9/19/2022,1512.65,1542,1487.23,78678,1557.48,1575.35,1.11,0.07
9/20/2022,1813.87,1820.53,1807.2,83169,1828.4,,9.91,0.55
9/21/2022,,,,,,,,
9/22/2022,,,,,,,,
9/23/2022,1825.76,1851.13,1806.17,78617,1784.15,1778.22,8.21,0.45
9/24/2022,1146.72,1164.29,1136.11,,1140.66,,8.18,0.71
9/25/2022,1651.97,1683.52,1605.84,5168,,1707.28,,
9/26/2022,1685.86,1703.99,1670.45,28686,1702.73,1747.91,-1.21,-0.07
9/27/2022,1562.79,1582.06,1524.09,31151,,1576.77,-5.32,-0.34
9/28/2022,1258.08,1270.17,1220.79,49090,1234.4,,-6.93,-0.55
9/29/2022,1888.55,1932.36,1863.21,,1864.63,1860.85,,
9/30/2022,1785.01,1795.56,1736.56,36798,1812.05,1789.47,5.69,0.32
10/1/2022,1942.15,1969.05,,,1976.56,1911.17,-1.27,-0.07
10/2/2022,,,,80982,,,,
10/3/2022,1746.56,1768.29,1719.06,,1732.45,,,
10/4/2022,1814.97,1853.08,1808.48,60660,1762.37,1744.95,-0.02,0
10/5/2022,1010.54,1057.06,978.57,81807,997.57,,-1.78,-0.18
10/6/2022,1445.33,1452.97,1414.97,21005,1427.75,1502.77,-1.21,-0.08
10/7/2022,1407.33,1443.36,1401.58,3314,1406.7,1439.03,0.24,0.02
10/8/2022,1014.28,1027.03,1001.89,90002,1016.32,1058.72,3.95,0.39
10/9/2022,1968.52,2005.26,1933.73,81329,2013.74,1904.08,-3.95,-0.2
10/10/2022,1396.88,,1363.12,44727,1396.64,1409.3,-2.31,-0.17
10/11/2022,1993.55,2037.56,1955.92,2408,1989.59,1938.41,-8.95,-0.45
10/12/2022,1067.8,1093.82,1062.76,40074,1055.81,1117.06,,
10/13/2022,1355.99,1368.87,1313.54,43948,1331.01,1310.63,,
10/14/2022,1413.57,1446.92,1364.56,62056,1398.32,1365.81,,
10/15/2022,1379.45,1397.78,1343.58,67741,,1389.47,-0.26,-0.02
10/16/2022,1078.32,1102.69,1049.5,92716,,1046.72,-0.6,-0.06
10/17/2022,1430.87,1448.05,1387.77,,1403.57,,2.93,0.2
10/18/2022,1431.48,1443.5,1385.46,40396,1450.01,1429.9,-1.06,-0.07
10/19/2022,1591.51,1629.11,1571.51,,,1606.58,-6.5,-0.41
10/20/2022,1111.49,1122.99,1090.92,39589,1120.19,1105.97,2.79,0.25
10/21/2022,1201.16,1224.29,1163.14,60360,1191.85,1200.8,,
10/22/2022,1698.64,1704.19,1690.89,9090,1713.13,1625.11,,
10/23/2022,1153.9,1180.6,1123.63,87579,1127.18,1184.17,,
10/24/2022,1426.99,1472.06,1413.97,22535,1441.11,1441.23,-5.41,-0.38
10/25/2022,1650.7,1700.01,1602.43,6464,1668.16,1649.19,,
10/26/2022,1700.5,,1650.55,92849,1702.93,1762.4,-6.42,-0.38
10/27/2022,,,,,,,,
10/28/2022,1568.06,1602.73,1534.02,96835,,1542.81,0.29,0.02
10/29/2022,1231.2,1238.4,1211.71,20220,1253.55,1211.23,,
10/30/2022,1360.1,1383.54,1326.82,51512,1399.95,,,
10/31/2022,1414.9,1434.62,1381.13,95720,1386.77,1463.68,2.77,0.2
11/1/2022,1069.48,,1038.97,26116,1060.48,,-0.08,-0.01
11/2/2022,1095.75,1120.25,1069.38,35864,1097.97,1067.24,,
11/3/2022,1107.89,1128.74,1066.96,,1099,1097.63,2.36,0.21
11/4/2022,1243.71,,1198.5,58403,1277.53,1191.51,,
11/5/2022,1978.02,1985.06,1965.33,29813,1997.24,1885.56,,
11/6/2022,1633.06,1672.25,1604.96,92314,1664.97,1688.86,4.79,0.29
11/7/2022,1594.9,1631.12,1552.4,,1551.59,1527.6,8.03,0.5
11/8/2022,1020,1041.48,1007.01,67141,995.29,999.82,-5.36,-0.53
11/9/2022,1613.02,1641.6,1587.44,49966,1631.6,1616.83,,
11/10/2022,,,,20861,,,,
11/11/2022,1879.61,1891.48,1839.35,33690,1867.03,1876.36,-3.33,-0.18
11/12/2022,1470.82,,1452.08,46359,1493.46,1429.54,-3.69,-0.25
11/13/2022,1800.23,1824.05,1787.92,,,,2.93,0.16
11/14/2022,1543.38,1562.55,1501.79,37788,1580.56,1494.78,,
11/15/2022,1987.24,1993.97,1971.58,10831,2032.13,,,
11/16/2022,,,,17269,,,,
11/17/2022,,,,20324,,,,
11/18/2022,,,,46754,,,,
11/19/2022,1982.94,,,81482,,1907.96,-4.51,-0.23
11/20/2022,1059.8,,1053.83,84987,1053.35,,,
11/21/2022,1079.66,1089.85,1057.18,87966,1059.52,1119.81,2.53,0.23
11/22/2022,1012.4,1033.63,993.08,41910,1002.72,,,
11/23/2022,1865.57,1896.55,1833.56,47795,1813.42,1820.22,7.31,0.39
11/24/2022,1405.11,1431.35,1382.29,74061,1389.56,1466.4,,
11/25/2022,1566.12,1588.77,1540.87,51137,1527.96,1615.54,3.26,0.21
11/26/2022,1006.46,1022.59,993.23,28610,1004.4,1040.59,3.05,0.3
11/27/2022,1236.33,1254,1197.4,92469,1207.51,1232.89,-1.56,-0.13
11/28/2022,1850.69,1856.59,1828.19,86494,,,,
11/29/2022,1274.81,1300.89,1260.19,55582,1238.92,1271.46,,
11/30/2022,1857.25,1878.8,1816.72,64790,1865.31,,-7.46,-0.4
12/1/2022,1008.47,1019.25,970.18,2468,,,,
12/2/2022,1363.64,1409.43,1336.51,88136,1402.33,1350.21,,
12/3/2022,1186.03,1227.29,1142.69,70080,1212.31,,7.27,0.61
12/4/2022,1896.94,1943.21,1890.65,48785,1884.68,1913.18,-9.07,-0.48
12/5/2022,1906.8,1927.68,1866.41,83984,1914.24,1837.19,,
12/6/2022,1610.78,1631.75,1603.47,86082,1602.08,1682.45,-0.44,-0.03
12/7/2022,1200.2,1246.93,1151.78,70087,1210.24,1237.08,-7.69,-0.64
12/8/2022,1841,1878.61,1812.13,14645,1798.37,1908.72,,
12/9/2022,1861.88,1900.61,1841.54,62418,1871.13,1904.17,-1.67,-0.09
12/10/2022,1503.43,1532.92,1496.62,38779,,1484.63,2.62,0.17
12/11/2022,1312.06,1356.7,1280.87,,1343.08,1271.94,-1.39,-0.11
12/12/2022,1902.34,1920.28,1869.7,11718,1855.39,1971.47,,
12/13/2022,1399.19,1437.89,1355.41,,1407.86,1381.84,,
12/14/2022,1691.77,,1672.25,87985,1663.09,1624.1,-7.01,-0.41
12/15/2022,1017.99,1060.72,985.09,15354,995.79,,,
12/16/2022,1045.95,1074.72,1008.11,27423,1074.53,1023.78,-9.81,-0.94
12/17/2022,1349.21,1371.78,1326.02,86892,1356.54,1338.27,-1.52,-0.11
12/18/2022,1025.81,1041.5,1017.55,98935,1047.42,1007.79,9.21,0.9
12/19/2022,1973.02,1997.13,1929.74,,1993.17,2008.82,1.98,0.1
12/20/2022,1043.05,1065.39,1021.75,93336,1063.51,1006.4,3.21,0.31
12/21/2022,1555,1597.68,1536.99,81017,1561.83,1561.88,,
12/22/2022,1934.77,1950.87,1917.17,93540,1963.99,1965.83,,
12/23/2022,1706.59,1714.9,1674.86,39329,,1770.61,,
12/24/2022,1914.7,1925.56,1884.97,36586,1907.81,1829.61,-3.76,-0.2
12/25/2022,1100.31,1130.06,1073.36,28422,,1100.92,-6.39,-0.58
12/26/2022,,,,23857,,,,
12/27/2022,1696.43,1703.74,1679.67,15529,,1704.71,6.97,0.41
12/28/2022,1575.8,1584.92,1548.4,67731,,,0.66,0.04
12/29/2022,1400.39,1405.79,1390.49,48435,1421.71,1452.26,-9.51,-0.68
12/30/2022,1737.62,1747.74,1696.06,11380,1710.22,1767.56,-1.35,-0.08
12/31/2022,1307.72,1340.06,,60468,1283.76,,7.04,0.54
1/1/2023,1421.28,1448.17,1383.9,31183,,1432.69,-2.75,-0.19
1/2/2023,,,,72466,,,,
1/3/2023,1492.85,1515.88,,38108,,1426.74,3.2,0.21
1/4/2023,1319.64,1338.83,1293.11,86148,1325.89,1368.47,2.65,0.2
1/5/2023,1294.26,1320.92,1244.77,28626,,,1.77,0.14
1/6/2023,1819.36,1838.63,1792.68,88072,1839.65,1810.76,-1.5,-0.08
1/7/2023,,,,47383,,,,
1/8/2023,1228.08,1235.04,,58032,1202.62,1191.74,-3.08,-0.25
1/9/2023,1940.54,1978.28,1914.83,54191,1930.02,2006.44,1.28,0.07
1/10/2023,1469.01,1481.65,1433.2,63201,1468.22,1469.17,-7.69,-0.52
1/11/2023,1069.77,1108.43,1020.4,22711,1093.74,1018.23,-5.37,-0.5
1/12/2023,1116.22,1132.71,1104.96,45644,1113.23,,6.68,0.6
1/13/2023,1892.65,1926.03,1856.29,82301,,1924.17,3.12,0.16
1/14/2023,1565.98,1591.03,1522.7,44528,1594.5,1532.7,,
1/15/2023,1649.39,1655.17,1610.6,71951,,1698.16,-3.56,-0.22
1/16/2023,1730.09,1778.5,1715.27,,1744.28,1733.98,,
1/17/2023,1466.4,1476.74,1453.06,32175,1453.85,1511.58,,
1/18/2023,1832.76,1855.31,1802.67,,1853.45,1806.76,-2.93,-0.16
1/19/2023,1786.4,1806.02,1755.1,,1806.25,1825.34,-1.08,-0.06
1/20/2023,1286.91,1323.12,1276.1,40086,1317.21,,3.32,0.26
1/21/2023,1784.7,1809.68,1774.1,82253,,1697.86,,
1/22/2023,1128.15,1175.87,1112.84,52261,1104.68,1155.1,-3.92,-0.35
1/23/2023,1251.9,,1226.1,9859,1250.27,1299.8,-9.45,-0.75
1/24/2023,,,,41949,,,,
1/25/2023,1025.1,1042.47,988.41,42961,1035.77,1001.4,,
1/26/2023,1593.16,1600.89,1558.09,28629,,,,
1/27/2023,1036.61,1066.29,1010,40502,1061.17,985.69,-4.53,-0.44
1/28/2023,1002.12,1015.36,989.08,47409,1023.76,958.44,-4.69,-0.47
1/29/2023,1189.64,,1148.81,55752,,,1.81,0.15
1/30/2023,1575.63,1622.12,,74698,1583.29,1645.87,-8.85,-0.56
1/31/2023,1793.44,1806.14,1749.55,39862,1810.54,1834.58,8.4,0.47
2/1/2023,1148.72,1193.32,1133.33,93438,1138.73,1145.6,-1.77,-0.15
2/2/2023,1571.88,1593.09,1535.07,33054,1598.22,1526.39,-6.6,-0.42
2/3/2023,1173.76,1202.56,1132.84,87826,1201.23,1228,-3.39,-0.29
2/4/2023,1807.84,1849.84,1761.08,34469,1754.11,1843.06,-0.97,-0.05
2/5/2023,1526.03,1561.02,1503.14,56180,,1528.91,,
2/6/2023,1491.03,1497.6,1454.82,14343,,1425.49,,
2/7/2023,,,,79190,,,,
2/8/2023,1229.38,1277.35,1191.57,,1207.26,,2.42,0.2
2/9/2023,1451.97,1464.02,1433.13,48954,1485.35,1426.68,-2.06,-0.14
2/10/2023,1530.11,1537.7,1510.12,37567,1573.39,1605.95,,
2/11/2023,1742.18,1764.07,1715.75,38937,,,6.67,0.38
2/12/2023,,,,98724,,,,
2/13/2023,1661.02,1685.35,1637.35,99195,1681.14,,-9.45,-0.57
2/14/2023,1794.77,1810.35,1746.38,92241,1826.81,1878.68,8.07,0.45
2/15/2023,1237.17,1284.05,,34089,1250.52,1246.37,-0.11,-0.01
2/16/2023,1180.68,,,,1192.7,1199.52,9.19,0.78
2/17/2023,1094.63,1102.32,1069.19,36308,1126.14,1041.46,2.05,0.19
2/18/2023,1720.17,1750.79,1684.28,87379,1686.84,1706.02,7.03,0.41
2/19/2023,1457.12,1466.7,1433.61,90257,1477.18,1472.83,7.6,0.52
2/20/2023,1157.19,1178.73,,85698,1135.52,1161.84,,
2/21/2023,,,,39947,,,,
2/22/2023,1427.66,1454.8,1390.25,60762,1420.93,1421.94,-3.4,-0.24
2/23/2023,1835.78,1853.14,1810.49,2654,,1870.34,,
2/24/2023,,,,50639,,,,
2/25/2023,1163.8,1212.54,1130.16,,1146.47,1190.36,-3.88,-0.33
2/26/2023,1422.26,1435.15,1407.66,48701,,,-2.99,-0.21
2/27/2023,1701.89,1720.46,1656.88,57833,1675.15,1685.16,,
2/28/2023,1375.69,1418.47,1343.92,42214,1348.82,1428.85,-0.17,-0.01
3/1/2023,1414.75,1464.18,1405.36,59625,1437.26,,0.29,0.02
3/2/2023,1614.09,1622.2,1572.05,97154,1644,1595.73,,
3/3/2023,1300.97,1328.97,1289.76,14001,1323,1334.13,5.57,0.43
3/4/2023,1517.15,1529.34,,,1534.03,1507.5,0.25,0.02
3/5/2023,1749.67,1762.36,1722.44,79536,1748.1,1759.73,6.9,0.39
3/6/2023,1614.7,1651,,,1602.72,1604.09,,
3/7/2023,1626.94,1669.09,1589.2,29850,,1549.99,-7.19,-0.44
3/8/2023,1459.53,1500.86,1423.26,,1462.18,1441.36,-2.45,-0.17
3/9/2023,1018.6,1034.4,993.24,78053,1037.6,993.39,-4.19,-0.41
3/10/2023,1045.87,1094.66,1017.49,98016,1059.25,1092.95,0.28,0.03
3/11/2023,1736.17,1760.5,1718.17,17183,,1689.87,4.97,0.29
3/12/2023,1956.58,1997.64,1926.27,50018,1954.52,,,
3/13/2023,,,,47234,,,,
3/14/2023,1058.87,1066.3,1029.1,44914,1086.79,1089.93,6.52,0.62
3/15/2023,1112.08,1136.77,1075.76,,1129.68,1160.31,,
3/16/2023,1047.34,1057.33,1034.19,66728,1025.04,995.62,,
3/17/2023,1488.45,1507.91,1480.43,42975,1492.3,1454.51,,
3/18/2023,1324.25,1366.92,1315.42,1362,1305.34,,,
3/19/2023,1235.62,1263.85,1200.56,34252,,,7.06,0.57
3/20/2023,1176.87,1213.82,1165.92,4807,1196.26,1184.37,-8.13,-0.69
3/21/2023,1555.85,1578.98,1548.1,37250,1530.66,,,
3/22/2023,1950.5,1959.81,1909.35,14268,1967.14,1905.47,-8.67,-0.44
3/23/2023,1565.01,1588.01,1532.29,39996,,1497.73,1.51,0.1
3/24/2023,1806.43,1843.71,1762.7,,1805.92,1816.85,-3.65,-0.2
3/25/2023,1420.68,1469.61,1386.5,11435,1462.78,1439.04,,
3/26/2023,1600.81,1630.79,1572.51,1149,1609.15,1625.58,0.66,0.04
3/27/2023,1969.31,,1963.84,44359,,2013.5,8.63,0.44
3/28/2023,1060.12,1065.72,1052.99,89388,1076.99,1066.73,,
3/29/2023,1764.76,1773.95,1717.21,54804,,1845.98,5.5,0.31
3/30/2023,1377.52,1417.37,1345.72,32574,1418.75,,-9.1,-0.66
3/31/2023,1472.02,,1423.56,83839,,1457.86,,
4/1/2023,1728.12,1762.67,1696.84,37399,1740,1785.33,,
4/2/2023,1121.51,1140.69,1077.96,10059,,1141.21,,
4/3/2023,1460.44,1469.8,1445.28,24916,1498.91,1424.49,-6.27,-0.43
4/4/2023,1602.96,1627.53,1569.86,54118,1569.07,,8.02,0.5
4/5/2023,1427.56,1451.19,1380.47,,1459.93,1416.87,-6.35,-0.44
4/6/2023,1335.68,1369.28,1317.94,,,1279.96,3.32,0.25
4/7/2023,1920.92,1947.91,1877.43,43393,1919.38,2004.07,1.9,0.1
4/8/2023,1455.6,1468.12,,,1468.6,1446.35,,
4/9/2023,1929.58,1950.15,1886.16,60689,,,-6.22,-0.32
4/10/2023,1953.44,1991.69,1930.9,34164,1940.33,,-7.72,-0.4
4/11/2023,1977.46,1997.79,1966.58,53350,,1902.71,,
4/12/2023,1042.26,1083.56,1022.17,,1055.06,1024.03,,
4/13/2023,1382.69,1396.95,1346.61,8944,,,-2.93,-0.21
4/14/2023,1892.72,1913.69,,44858,1880.53,,4.71,0.25
4/15/2023,,,,2103,,,,
4/16/2023,1544.42,1571.74,1514.65,,1522.12,1580.91,3.87,0.25
4/17/2023,1006.66,1056.64,972.72,,1003.8,,5.58,0.55
4/18/2023,1017.61,1039.18,992.74,46012,1013.62,,,
4/19/2023,1834.42,1865.17,1827.97,12661,1859.33,1868.94,,
4/20/2023,1078.89,1091.53,1028.9,,1049.86,,6.36,0.59
4/21/2023,1713.92,1743.19,1689.22,59138,1733.37,1797.3,-9.86,-0.58
4/22/2023,,,,59290,,,,
4/23/2023,1866.47,1886.94,1854.19,56687,1835.95,1825.3,-0.1,-0.01
4/24/2023,1014.33,1063.9,981.61,80093,1015.34,1020.88,-9.18,-0.91
4/25/2023,1020.74,1028.89,973.06,29031,1030.27,1001.1,,
4/26/2023,,,,53406,,,,
4/27/2023,,,,64932,,,,
4/28/2023,1954.55,1984.89,1909.66,93291,1922.01,,4.29,0.22
4/29/2023,,,,92652,,,,
4/30/2023,1883.68,1927.97,,69299,,1907.91,,
5/1/2023,1389.15,1405.44,1380.41,,1414.96,1404.46,-7.5,-0.54
5/2/2023,1271.81,1310.39,1248.5,99035,1273.62,1232.46,2.93,0.23
5/3/2023,1241.42,1255,1209.59,19298,1205.65,1284.62,,
5/4/2023,1487.63,1531.5,1451.59,42157,1525.44,,-1.76,-0.12
5/5/2023,1024.28,,999.27,,1004.35,1033.28,-5.08,-0.5
5/6/2023,1173.11,1180.73,1139.02,30082,1202.52,1117.45,,
5/7/2023,1847.54,1865.51,1818.39,26314,1859.71,1937.15,1.69,0.09
5/8/2023,1979.7,1986.2,1954.39,90435,,1956.21,0.32,0.02
5/9/2023,,,,72074,,,,
5/10/2023,,,,,,,,
5/11/2023,1297.58,1338.39,1267.84,,1312.36,1252.51,,
5/12/2023,1781.94,1819.49,1735.03,31793,1815.81,1805.85,0.81,0.05
5/13/2023,1397.75,1418.3,1349.39,,1427.81,1413.7,1.38,0.1
5/14/2023,1509.03,1517.84,1469.59,,1540.8,1466.37,-6.27,-0.42
5/15/2023,,,,89857,,,,
5/16/2023,1038.29,1073.16,1016.26,82550,1026.75,1050.89,-0.99,-0.1
5/17/2023,1248.32,1290.08,1237.09,66278,1229.11,1186.19,-1.94,-0.16
5/18/2023,,,,,,,,
5/19/2023,1488.39,,1444.93,45102,1453.15,,0.7,0.05
5/20/2023,1743.06,1788.03,1712.8,80752,1711.74,,,
5/21/2023,1431.15,1471.2,1400.36,26750,1434.02,1420.71,4,0.28
5/22/2023,1458.91,1493.49,1450.76,73688,1440.47,1427.78,-3.33,-0.23
5/23/2023,1201.08,1210.13,1188.84,,1173.64,1179.2,,
5/24/2023,1240.91,1283.05,1191.35,53502,1237.78,,9.93,0.8
5/25/2023,1304.11,1329.55,1260.56,63663,1265.96,1340.39,3.78,0.29
5/26/2023,1354.81,1391,1322.96,35845,1330.08,1306.92,-9.8,-0.72
5/27/2023,1004.1,1026.89,982.55,28148,,1011.75,0.77,0.08
5/28/2023,1340.87,1362.95,1299.16,6891,1343.81,1390.81,3.07,0.23
5/29/2023,1079.77,1093.96,1061.3,34305,1091.75,,,
5/30/2023,1422.78,1467.11,1387.55,80574,1448.74,1431.47,,
5/31/2023,1132.89,1154.88,1088.34,45364,1102.86,1093.18,-8.94,-0.79
6/1/2023,1117.17,1136.79,1072.35,92895,1109.14,1115.26,-2.19,-0.2
6/2/2023,1842.53,1882.65,1814.15,70299,1892.63,1905.89,,
6/3/2023,1644.77,1675.39,1631.25,85848,1623.21,1571.89,-9.03,-0.55
6/4/2023,1394.32,1440.47,1344.36,,1370.13,1343.29,-9.14,-0.66
6/5/2023,1017.2,1027.28,975.75,42176,1041.85,,1.8,0.18
6/6/2023,1105.33,1117.39,1093.05,4650,1114.93,1121.72,2.71,0.25
6/7/2023,1587.24,1603.43,1542.63,66363,1569.52,1590.09,6.42,0.4
6/8/2023,1096.59,1114.75,1090.4,30474,1115.13,1067.42,3,0.27
6/9/2023,1153.07,1199.11,1125.62,54542,1174.53,1166.71,-2.15,-0.19
6/10/2023,,,,69961,,,,
6/11/2023,1782.26,1811.24,1743.47,31037,1774.38,1851.9,2.5,0.14
6/12/2023,1131.48,1161.21,1093.57,49186,,,,
6/13/2023,1883.11,1899.38,1850.62,20494,1866.42,1975.89,4.59,0.24
6/14/2023,1179.1,1210.24,1161.16,,1166.32,1153.46,,
6/15/2023,1285.68,,1275.24,,,1260.76,4.21,0.33
6/16/2023,1118.89,1124.4,1091.32,47937,1121.61,,,
6/17/2023,1705.23,1751.22,1693.3,17277,1697.31,1689.17,,
6/18/2023,1812.48,1854.58,1777.46,74404,1851.57,1782.68,,
6/19/2023,1962.84,1991.07,1952.21,22411,,1868.73,,
6/20/2023,1611.97,1632.57,1586.08,37536,1603.25,1556.83,3.75,0.23
6/21/2023,1398.6,1429.1,1368.9,31696,1425,1441.61,9.85,0.7
6/22/2023,1356.04,1365.42,1350.06,43204,,1363.23,-3.89,-0.29
6/23/2023,1947,1954.57,1924.8,47342,,1889.9,5.89,0.3
6/24/2023,1304.42,1329.17,1270.4,78032,1320.5,1259.06,7.05,0.54
6/25/2023,1993.86,2004.49,1986.84,86588,,,1.4,0.07
6/26/2023,1218,1244.46,1177.17,54912,1214.9,1254.68,-1.42,-0.12
6/27/2023,1122.08,1129.15,,59184,1125.04,1176.6,,
6/28/2023,1615.24,1643.13,1595.36,20066,1569.53,,4.91,0.3
6/29/2023,1837.58,1849.79,1796.49,,1848.19,1804.62,1.49,0.08
6/30/2023,1424.76,1473.35,1418.69,43214,,1448.82,-4.09,-0.29
7/1/2023,1904.15,1925.43,1863.24,84639,1915.14,,0.25,0.01
7/2/2023,1159.09,1165.02,1113.5,53195,1172.55,1197.84,-2.47,-0.21
7/3/2023,1443.5,1472.09,1423.57,91615,1447.58,1417.38,,
7/4/2023,1246.7,1262.22,1207.21,14976,1241.66,1271.31,-4.29,-0.34
7/5/2023,1542.39,1589.02,1523.16,51499,1500.45,1501.9,9.95,0.65
7/6/2023,1754.95,1797.4,1715.84,11470,1747.86,1744.03,,
7/7/2023,1196.59,1218.28,1148.74,,1166.42,,6.57,0.55
7/8/2023,1193.85,1239.2,1162.59,77467,1207.28,,-0.53,-0.04
7/9/2023,1172.15,1187.38,1130.73,68247,1148.87,1182.32,9.86,0.84
7/10/2023,1033.25,1040.83,1000.71,46148,1061.38,1067.15,4.88,0.47
7/11/2023,1556.55,1594.5,1531.07,2170,,1598.14,7.7,0.49
7/12/2023,1788.49,1826.03,1754.9,13352,,,-1.14,-0.06
7/13/2023,1939.13,1958.72,1905.97,46676,1927.3,1901.2,,
7/14/2023,,,,90838,,,,
7/15/2023,1057.93,1093.55,1044.17,59089,,1072.72,-0.19,-0.02
7/16/2023,1373.23,1409.11,1340.94,28536,1337.4,1402.34,-0.38,-0.03
7/17/2023,1957.63,1992.8,1925.26,43989,1967.7,1866.35,-1.05,-0.05
7/18/2023,1616.18,1642.74,1602.59,,1579.31,1659.91,-8.57,-0.53
7/19/2023,1641.73,1688.78,1600.34,30981,1620.81,1702.53,4.13,0.25
7/20/2023,1365.36,1395.01,1349.71,80297,,1376.11,-6.65,-0.49
7/21/2023,,,,93643,,,,
7/22/2023,1548.85,1597.97,1517.5,,1574.56,1516.75,-1.6,-0.1
7/23/2023,1876.19,1888.86,,25546,1822.44,1804.88,-5.71,-0.3
7/24/2023,1419,1426.78,1389.53,29569,1450.42,1354.84,-7.74,-0.55
7/25/2023,,,,,,,,
7/26/2023,1380.6,1391.14,1362.83,,1342.41,1398.23,,
7/27/2023,1921.67,1964.57,1875.44,38255,,1993.1,-3.58,-0.19
7/28/2023,1402.66,1439.52,1360.2,,1423.12,1389.03,2.9,0.21
7/29/2023,1346.94,1383.17,1308.27,,1364.39,1403.29,,
7/30/2023,1303,1338.52,1256.91,26988,1315.9,1295.81,,
7/31/2023,1866.01,1909.07,1850.49,69018,,1876.01,-9.93,-0.53
8/1/2023,1533.15,1556.28,1504.89,2096,1559.5,,,
8/2/2023,1005.75,1044.29,958.39,,1001,979.72,,
8/3/2023,1642.87,1686.61,1609.91,12551,1638.36,1621.31,2.65,0.16
8/4/2023,1346.1,1360.53,1318.86,,1310.19,1384.83,-1.31,-0.1
8/5/2023,1583.67,1609.63,1561.9,97194,1625.25,1609.46,4.36,0.28
8/6/2023,1467.08,1485.95,1419.25,94334,,1532.17,-6.99,-0.48
8/7/2023,1954.33,1974.28,1920.64,58518,1942.69,1945.36,-5.26,-0.27
8/8/2023,1061.24,1076.92,1038.58,5994,1064.96,1056.77,,
8/9/2023,1523,1529.75,1509.4,46219,1480.2,1562.5,-9.15,-0.6
8/10/2023,1918.21,1939.43,1907.14,79998,1967.04,1855.59,,
8/11/2023,1785.2,1814.09,1746.39,11264,1754.08,,,
8/12/2023,1727.19,1743.45,1715.02,27418,1736.72,1766,-4.89,-0.28
8/13/2023,1503.37,1512.56,1485.24,,1520.82,1574.2,-2.69,-0.18
8/14/2023,1016.27,1030.87,983.5,,1013.59,,,
8/15/2023,1529.36,1548.12,1490.75,37825,1553.44,1481.82,5.47,0.36
8/16/2023,,,,28303,,,,
8/17/2023,1350.38,1385.2,1317.37,16597,1341.96,,-3.12,-0.23
8/18/2023,1250.96,1259.08,1204.43,31181,1243.97,1306.67,6.2,0.5
8/19/2023,1239.09,1278.39,1192.2,47083,1243.02,1254.68,7.78,0.63
8/20/2023,1236.3,1281.02,1226.02,39779,1240.78,1240.9,0.88,0.07
8/21/2023,1895.67,1902.12,,,1894.77,1876.29,8.02,0.42
8/22/2023,,,,84611,,,,
8/23/2023,1293.54,1300.26,1251.39,15473,,,0.52,0.04
8/24/2023,1162.22,1190.67,1121.36,68208,1165.19,,-1.94,-0.17
8/25/2023,1250.91,1292.06,1236.83,24079,1273.44,1229.2,0.98,0.08
8/26/2023,1552.79,1598.77,1526.03,89064,1549.64,1612.66,-3.03,-0.2
8/27/2023,1747.26,1756.92,1714.36,18855,1730.01,1699.79,,
8/28/2023,1512.04,1556.09,1473,60670,,1566.23,-3.65,-0.24
8/29/2023,1789.7,1819.67,1757.98,67835,1837.51,1759.02,-7.28,-0.41
8/30/2023,1102.53,1148.82,1054.66,57688,1074.41,1058.29,3.56,0.32
8/31/2023,1160.5,1190.98,1127.45,,1191.78,,-2.37,-0.2
9/1/2023,1219.03,,1179.31,47089,,1158.34,-6.04,-0.5
9/2/2023,1411.9,1417.02,1383.15,64767,1447.62,1353.52,-6.24,-0.44
9/3/2023,1239.53,,1228.4,18910,1202.68,1214.48,-9.5,-0.77
9/4/2023,1250.46,1266.08,1219.02,57830,,1197.3,-9.25,-0.74
9/5/2023,1009.07,1046.46,976.36,55015,1036.93,1002.23,,
9/6/2023,1566.1,1573.67,1534.99,4057,1584.79,1591.31,-8.9,-0.57
9/7/2023,1091.39,,1044.1,99091,1090.74,1129.49,0.9,0.08
9/8/2023,1807.17,1843.57,1774.44,42848,1844.27,1783.04,,
9/9/2023,1761.37,1792.84,1731.53,3200,1807.98,1847.1,5.57,0.32
9/10/2023,1686.16,1693.58,1640.62,27471,1690.13,,8.86,0.53
9/11/2023,1203.82,1220.19,1188.92,85348,,1167.28,1.92,0.16
9/12/2023,1296.13,1333.81,1274.08,11953,1277.76,1322.74,-8.74,-0.67
9/13/2023,1877.27,1926.17,1832.89,78378,1874.07,1900.64,,
9/14/2023,1680.58,1704.18,1655.12,,1697.37,1699.86,4.25,0.25
9/15/2023,1724.82,1759.67,1679.98,2394,1763.08,1732.43,-9.19,-0.53
9/16/2023,1723.07,1755.42,1703.78,68270,,,,
9/17/2023,1753.28,1759.38,1721.99,,1727.09,,-5.14,-0.29
9/18/2023,1219.49,1256.28,1208.61,28300,,1191,0.55,0.05
9/19/2023,,,,,,,,
9/20/2023,1511.56,1526.27,1482.47,16174,,1500.07,9,0.6
9/21/2023,1610.38,1656.28,1560.74,,1648.64,,-3.85,-0.24
9/22/2023,1512.81,1521.02,1473.61,65556,1471.99,1527.95,,
9/23/2023,1073.17,1107.68,1058.2,,,1119.02,5.36,0.5
9/24/2023,1916.03,1960.19,1884.33,3386,1879.51,1876.63,2.98,0.16
9/25/2023,,,,98595,,,,
9/26/2023,1377.68,1422.18,1360.07,16769,1337.16,1311.74,,
9/27/2023,1936.7,1948.11,1914.68,99670,,,0.22,0.01
9/28/2023,1141.58,1184.21,1111.95,77355,1136.97,1182.97,4.13,0.36
9/29/2023,1210.48,1239.16,1198.08,,,1195.93,-1.6,-0.13
9/30/2023,1326.36,1333.52,1283.31,33700,1315.67,,6.44,0.49
10/1/2023,1673.82,1698.32,1637.9,86670,1714.73,1724.66,5.65,0.34
10/2/2023,1669.32,1708.38,1658.23,53304,1636.34,1738.02,,
10/3/2023,1334.49,1364.68,1318.36,83701,1319.96,1357.66,,
10/4/2023,,,,,,,,
10/5/2023,1168.49,1187.85,1162.45,8106,1138.04,1192.52,8.83,0.76
10/6/2023,1510.24,1532.21,1499.8,40881,,,-5.7,-0.38
10/7/2023,1262.61,1275.79,1236.63,15735,1288.42,,-0.74,-0.06
10/8/2023,1463.96,1489.99,1437.37,45125,,1405.99,-3.75,-0.26
10/9/2023,1490.3,1497.73,1476.19,9451,1462.15,1479.35,-2.27,-0.15
10/10/2023,1132.5,1172.09,1098.42,83828,1143.46,1129.98,,
10/11/2023,1591.34,1622.08,1553.44,20891,,1647.33,,
10/12/2023,1319.11,1343.94,1275.34,34739,1295.51,1291.21,-6.85,-0.52
10/13/2023,1486.02,1526.05,1456.2,51753,1456.01,1480.65,,
10/14/2023,1386.18,1409.07,1351.18,62356,1380.41,1341.56,-1.46,-0.11
10/15/2023,1824.48,1849.14,1790.29,46016,1809.39,1770.14,,
10/16/2023,1121.95,1131.95,1087.99,12183,1122.7,1126.29,7.07,0.63
10/17/2023,1363.94,1385.57,1343.48,42989,1400.97,1324.32,,
10/18/2023,,,,15475,,,,
10/19/2023,1445.09,1467.12,1398.81,67508,,,9.13,0.63
10/20/2023,1517.02,1562.75,1510.28,,,1504.22,7.44,0.49
10/21/2023,1108.23,1147.44,1084.53,8442,1104.89,,,
10/22/2023,1142.19,1174.56,1125.16,,1153.56,1102.69,1.89,0.17
10/23/2023,1469.68,1496.19,1425.98,,1495.64,1423.87,,
10/24/2023,1813.29,1820.96,1808.12,10471,1816.78,1869.09,,
10/25/2023,1081.66,1119.71,1044.67,19783,,1061.52,7.98,0.74
10/26/2023,1335.49,1363.43,1302.11,32256,,1346.38,9.6,0.72
10/27/2023,1498.19,1523.48,1476.1,68455,1473.07,1538.12,,
10/28/2023,1099.13,1113.41,1078.97,73403,1118.28,1110.24,8.48,0.77
10/29/2023,1334.73,1358.86,1302.8,15305,,1366.91,8.68,0.65
10/30/2023,1158.68,1189.04,1145.53,12386,1151.64,1213.13,8.77,0.76
10/31/2023,,,,83727,,,,
11/1/2023,1008.16,1039.69,979.61,85106,1011.56,,-5.84,-0.58
11/2/2023,,,,65699,,,,
11/3/2023,1939.15,1954.29,1895.56,95691,1908.75,,3.09,0.16
11/4/2023,1977.89,2019.25,1955.26,73982,1942.07,2008.46,0.81,0.04
11/5/2023,1787.17,1796.34,,18170,1749.56,1721.43,4.21,0.24
11/6/2023,1012.32,1032.77,1002.34,42285,1040.5,974.09,-3.4,-0.34
11/7/2023,1997.11,2030.65,1960.67,40372,1974.36,2017.32,,
11/8/2023,1931.47,1979.1,1915.56,,1897.53,1982.1,-6.31,-0.33
11/9/2023,,,,,,,,
11/10/2023,1057.97,1098.8,1013.88,,1053.92,1042.14,1.19,0.11
11/11/2023,1836.66,1883.65,1813.88,62695,1868.91,1806.69,-5.54,-0.3
11/12/2023,1678.38,1687.01,1629.73,51019,1665.58,1647.65,,
11/13/2023,1214.14,1254.08,1172.62,16060,,1156.7,5.01,0.41
11/14/2023,1896.18,1914.88,1886.22,77603,1855.77,1980.04,2.59,0.14
11/15/2023,1632.77,1655.5,1600.04,,1647.57,,-8.75,-0.54
11/16/2023,,,,2089,,,,
11/17/2023,1465.08,1506.4,1430.3,14241,1491.44,1520.43,8.27,0.56
11/18/2023,1706.68,1712.65,1657.42,89273,1698.09,1642.09,-2.43,-0.14
11/19/2023,1274.62,1296.21,1255.57,98758,1303.19,1232.32,3.75,0.29
11/20/2023,1988.56,2016.32,1940.11,17886,2037.12,,3.27,0.16
11/21/2023,1817.88,1849,1812.02,41821,1851.52,,-7.67,-0.42
11/22/2023,1529.73,1559.86,1501.89,45230,1536.84,1486.34,-5.36,-0.35
11/23/2023,1119.04,1138.85,1090.76,92644,1124.4,1089.29,4.19,0.37
11/24/2023,,,,73973,,,,
11/25/2023,1142.92,1161.03,1108,97629,1171.53,1103.67,-7.79,-0.68
11/26/2023,1074.42,1097.54,1028.04,56276,1078.85,1108.24,4.47,0.42
11/27/2023,1466.31,1494.31,1447.6,51540,1428.5,1404.88,7.22,0.49
11/28/2023,1859.72,1868.8,1853.56,82498,1878.49,1927.42,,
11/29/2023,1151.34,1197.62,1118.05,91988,1182.3,1175.64,3.7,0.32
11/30/2023,,,,10413,,,,
12/1/2023,1323.49,1369.09,1298.16,77464,1341.09,1317.28,-3.37,-0.25
12/2/2023,,,,94902,,,,
12/3/2023,1466.03,1496.98,,17760,1480.88,1441.41,-9.57,-0.65
12/4/2023,1903.43,1941.6,1882.97,79397,1917.44,1829.12,,
12/5/2023,1307.07,1314.96,1269.49,71203,1301.04,,,
12/6/2023,1995.14,2002.61,1972.06,1820,1987.8,,,
12/7/2023,1568.53,1607.9,1553.84,5275,1577.14,1511.12,9.72,0.62
12/8/2023,1388.75,1431.55,1364.76,5167,1429.25,1390.76,-4.51,-0.32
12/9/2023,1672.14,1713.23,1638.28,79873,,1738.22,,
12/10/2023,1111.44,1143.27,1083.29,67621,1082.86,1100.08,,
12/11/2023,1407.19,1415.02,,47527,1394.57,,0.84,0.06
12/12/2023,1197.81,1208.21,1164.79,55258,1225.36,1154.99,3.81,0.32
12/13/2023,,,,55715,,,,
12/14/2023,1847.01,,1837.73,87572,1843.32,1916.42,-1.49,-0.08
12/15/2023,1606.21,1631.36,1590.62,14458,1579.31,,-0.99,-0.06
12/16/2023,1490.89,1535.7,1484.8,,1454.63,1460.25,,
12/17/2023,1643.68,1661.29,1621.77,25593,1648.62,1581.24,1.44,0.09
12/18/2023,1157.62,1168.83,1109.59,57598,,1107.5,0.45,0.04
12/19/2023,1610.78,1633.63,1602.99,,1564.39,1602.68,-0.85,-0.05
12/20/2023,1881.61,1887.54,1837.62,95820,1834.37,1970.99,,
12/21/2023,1510.61,1541.8,1483.13,55690,1476.75,,5.7,0.38
12/22/2023,1894.18,1911.97,,26820,1895.77,1821.9,,
12/23/2023,1951.12,1960.7,1912.18,55237,1918.12,1927.66,7.24,0.37
12/24/2023,1594.43,1602.84,1584.82,57429,1569.47,1610.13,-4.78,-0.3
12/25/2023,1777.53,1808.54,1744.35,41811,,1790.32,,
12/26/2023,,,,87845,,,,
12/27/2023,1428.28,1466.35,1408.52,65546,1459.65,1475.04,,
12/28/2023,1536.05,1542.72,1503.04,98120,1493.04,1541.9,8.37,0.54
12/29/2023,1779.11,1793.96,1759.68,65869,1795.54,1785.88,,
12/30/2023,1978.47,2013.13,1946.42,,1998.33,2003.22,-7.4,-0.37
12/31/2023,1825.73,1869.93,1798.35,,1855.08,,4.44,0.24
1/1/2024,1201.53,1222.25,1181.34,20695,1212.77,1179.77,4.36,0.36
1/2/2024,1819.11,1832.01,1807.96,16589,1799.9,1784.95,4.43,0.24
1/3/2024,1492.32,,1475.49,82330,,1455.54,-7.04,-0.47
1/4/2024,1688.11,1702.12,1648.6,81322,1733.8,1677.55,,
1/5/2024,1144.49,1174.92,1121.68,29625,1173.28,1188.32,,
1/6/2024,1461.37,1482.98,1442.55,61672,1463.01,,-2.3,-0.16
1/7/2024,1413.14,1433.1,1406.52,47895,1451.82,,-0.53,-0.04
1/8/2024,1953.34,1967.43,1915.31,15126,1984.84,2001.52,7.45,0.38
1/9/2024,1726.62,1746.51,1697.15,29321,1724.93,,3.1,0.18
1/10/2024,1662.87,1710.55,1648.11,68139,1684.93,1637.32,-2.17,-0.13
1/11/2024,1989.2,2006.63,1959.67,,1933.01,2050.4,2.83,0.14
1/12/2024,1547.7,1562.77,1537.34,30932,1511.84,1620.95,,
1/13/2024,1299.23,1321,1257.64,64732,1265.54,1255.67,,
1/14/2024,1921.8,1947.45,1901.67,12739,1955.1,,-0.89,-0.05
1/15/2024,1722.48,1772.44,1700.34,47233,1730.61,1714.74,,
1/16/2024,1935.01,1973.2,,3162,1885.15,2001.21,-3.43,-0.18
1/17/2024,1523.57,1571.28,,,,1542.48,,
1/18/2024,1549.42,1574.36,1508.96,19464,,1480.72,-0.19,-0.01
1/19/2024,1797.92,1833.82,1751.83,75546,1812.5,1728.45,,
1/20/2024,1990.72,2039.92,1961.71,84478,1995.65,2034.93,-7.68,-0.39
1/21/2024,1389.18,1418.72,1374.3,32075,1399.28,1419.29,,
1/22/2024,1027.67,1048.03,1015.58,59993,1021.52,1023.93,,
1/23/2024,1395.15,1408.31,1370.82,88378,1428.21,1445.55,2.03,0.15
1/24/2024,,,,31409,,,,
1/25/2024,1506.83,1555.79,1471.75,99464,1529.06,1570.84,2.46,0.16
1/26/2024,1260.17,1280.6,1251.51,74511,1285.19,,-9.1,-0.72
1/27/2024,,,,18059,,,,
1/28/2024,1714.46,1754.96,1676.48,52292,1734.2,1794.66,4.65,0.27
1/29/2024,1288.82,1304.7,1266.4,65881,,,9.35,0.73
1/30/2024,1027.09,1075.73,984.15,,1032.94,1038.67,,
1/31/2024,,,,37610,,,,
2/1/2024,1946.75,1979.06,1906.14,9279,1999.14,1899.36,,
2/2/2024,1173.49,1192.67,1140.84,,1188.42,1180.57,7,0.6
2/3/2024,,,,89029,,,,
2/4/2024,1373.52,1410.3,1363.13,,1388.35,1317.51,-3.4,-0.25
2/5/2024,1265.75,1287.56,1221.23,8516,1301.91,1219.63,,
2/6/2024,1307.57,1342.51,1294.97,21413,1294.82,1298.36,-8.85,-0.68
2/7/2024,1471.06,1485.89,1437.08,9568,1452.37,1398.96,4.13,0.28
2/8/2024,1570.05,,,7107,,,,
2/9/2024,1555.06,1597.48,,95084,1531.59,1607.21,1.96,0.13
2/10/2024,1727.07,1770.1,1720.95,,1718.2,1740.88,,
2/11/2024,1024.6,1047.7,,2238,1035.97,1064.59,,
2/12/2024,1042.76,1081.56,,43287,,1015.36,,
2/13/2024,1961.26,1971.81,1936.22,24983,1905.06,,-0.9,-0.05
2/14/2024,1423.06,1435.29,1417.86,34514,1405.02,,-3.12,-0.22
2/15/2024,1204.68,1252.01,1163.02,42183,1222.02,1209.35,-8.95,-0.74
2/16/2024,,,,87415,,,,
2/17/2024,1284.72,1319.56,1275.74,,1278.67,,,
2/18/2024,1046.14,,1034.64,,1061.17,1050.05,,
2/19/2024,1966.09,,1951.91,37328,1979.53,1996.85,,
2/20/2024,1194.07,1209.9,1151.49,87992,1176.34,1224.24,6.59,0.55
2/21/2024,1856.23,1873.89,1839.88,52020,1852.64,1810.19,7.43,0.4
2/22/2024,1058.43,1064.41,1017.3,,1079.45,1006.16,,
2/23/2024,1851.51,1862.41,1816.59,41025,1853.72,1936.15,7.46,0.4
2/24/2024,1604.93,1614.12,1567.09,35958,,1579.68,9.8,0.61
2/25/2024,,,,12450,,,,
2/26/2024,1968.23,1998.16,1951.42,98183,1938.27,1889.33,-4.32,-0.22
2/27/2024,,,,90202,,,,
2/28/2024,1608.54,1657.43,1576.32,,,,,
2/29/2024,,,,,,,,
3/1/2024,1138.61,1170.09,1095.86,46866,1170.25,1177.23,5.58,0.49
3/2/2024,1788.58,1808.92,1753.45,,1741.19,1727.19,-8.29,-0.46
3/3/2024,1909.44,1928.07,,40665,1932.2,1862.53,8.86,0.46
3/4/2024,1279.4,1286.2,1233.18,14204,1250.92,1280.94,,
3/5/2024,1117.47,1130.63,1097.04,67667,1130.83,,4.98,0.45
3/6/2024,1715.31,1750.32,1667.06,,1691.65,1684.75,0.09,0.01
3/7/2024,1285.85,1328.57,1273.01,26064,1306.02,1248.57,9.58,0.75
3/8/2024,1523.93,1550.33,1503.59,27979,1564.74,1479.93,,
3/9/2024,1653.71,1703.49,1617.93,,1653.72,1612.68,-2.78,-0.17
3/10/2024,1894.4,1907.79,1881.16,,1907.71,1908.39,,
3/11/2024,1339.66,1368.57,1298.05,89775,1376.98,1400.98,8.05,0.6
3/12/2024,1528.7,1563.58,1516.14,30588,,1566.99,-2.5,-0.16
3/13/2024,1404.61,1434.48,1392.16,42207,,1356,7.16,0.51
3/14/2024,1028.76,1043.51,986.01,23596,1049.55,1034.12,,
3/15/2024,,,,54243,,,,
3/16/2024,,,,20634,,,,
3/17/2024,1620.73,1640.48,1614.73,32547,1659.1,,-2.7,-0.17
3/18/2024,1976.44,1985.64,,94977,2020.31,,,
3/19/2024,,,,15498,,,,
3/20/2024,1943.6,1976.01,1923.07,,,1988.92,,
3/21/2024,1439.56,1477.24,1412.84,46956,1462.44,,-8.47,-0.59
3/22/2024,1217.56,1251.22,1204.87,24889,1238.62,1223.6,7.14,0.59
3/23/2024,1138.25,1187.08,1116.12,,,1091.57,7.12,0.63
3/24/2024,1451.75,1468.91,1435.16,39003,1412.74,,6.71,0.46
3/25/2024,,,,58597,,,,
3/26/2024,1845.46,1858.31,1799.55,23359,1807.51,1897,6.63,0.36
3/27/2024,1027.05,1051.78,1006.03,66501,1008.28,1065.71,,
3/28/2024,1101.73,1139.16,1054.78,36828,,1082.72,-7.32,-0.66
3/29/2024,1858.08,1901.74,,35993,1901.11,1799.07,-1.52,-0.08
3/30/2024,1599.85,1608.05,1589.67,36411,1615.49,1533.76,-5.86,-0.37
3/31/2024,1225.09,1250.49,1198.71,11509,1219.17,1221.3,-7.05,-0.58
4/1/2024,1629.81,1648.39,1596.53,50726,1590.08,,,
4/2/2024,1143.39,1161.44,1125.88,53257,1139.53,,-5.12,-0.45
4/3/2024,1602.32,1629.41,,91950,,1536.85,,
4/4/2024,1313.14,1351.48,1295.58,45673,1323.14,1324.11,3.26,0.25
4/5/2024,1604.68,1645.76,1578.85,17299,,1645.93,-1.08,-0.07
4/6/2024,1518.14,1533.82,1483.86,20719,1552.78,1486.52,-9.44,-0.62
4/7/2024,1659.96,1680.36,1628.78,73441,1635.07,1636.6,,
4/8/2024,1455.65,1466.85,1412.3,97732,1489.72,1401.38,,
4/9/2024,1852.59,1899.17,1805.92,47086,,1928.08,-4.14,-0.22
4/10/2024,1057.68,1104.3,1039.38,98938,1052.13,1056.22,,
4/11/2024,1858.92,1865.79,1851.63,75495,1875.44,1902.82,,
4/12/2024,1382.62,1404.75,1338.05,39037,1420.14,1428.26,5.35,0.39
4/13/2024,1628.23,1637.63,,56993,1639.78,,-6.83,-0.42
4/14/2024,1014.92,1041.09,975.79,18830,995.01,1047.84,0.31,0.03
4/15/2024,1461.63,1483.15,1421.7,3199,,1505.96,,
4/16/2024,1618.43,1668.03,1586.72,,1619.56,1566.97,,
4/17/2024,1682.28,1698.08,1675.99,38810,1688.51,1683.2,,
4/18/2024,1544.42,1561.45,,39999,1498.64,1616.85,2.41,0.16
4/19/2024,1618.32,1637.09,1598.96,,,1539.64,-2.97,-0.18
4/20/2024,1288.44,1320.59,1261.98,53533,,1300.6,6.72,0.52
4/21/2024,1145.96,1190.11,1121.09,,1175.42,1103.95,,
4/22/2024,1632.98,1664.22,1620.19,20423,1676.98,1670.03,6.42,0.39
4/23/2024,1182.87,1220.98,1158.46,3405,1217.14,1160.9,-5.41,-0.46
4/24/2024,1062.54,1096.42,1054.07,43576,1040.13,1084.09,4.01,0.38
4/25/2024,1890.76,1928.53,1846.64,70919,,1970.68,-4.84,-0.26
4/26/2024,1749.79,1789.57,1701.19,80478,1792.62,1758.39,,
4/27/2024,1062.01,1111.06,1044.5,38214,1074.16,1092.58,7.59,0.71
4/28/2024,1837.27,1876.23,1817.6,98494,1815.04,1754.7,,
4/29/2024,,,,70849,,,,
4/30/2024,1357.99,1394.39,1336.13,41497,1323.41,1413.99,,
5/1/2024,1918.91,1930.26,1902.19,26442,1947.41,,5.75,0.3
5/2/2024,1466.04,1493.59,1443.34,71951,,1501.42,9.65,0.66
5/3/2024,1440.55,1487.7,1434.46,53651,1406.71,1501.22,,
5/4/2024,1029.49,1074.58,1006.49,8631,1006.89,1042.32,,
5/5/2024,1540.98,1579.37,1516.46,,1511.6,,-7.79,-0.51
5/6/2024,1929.46,1941.9,1909.5,,,2000.91,1.2,0.06
5/7/2024,1824.27,1856.03,1802.55,35866,1816.61,1813.09,,
5/8/2024,1101.23,1129.3,1084.91,31087,,1075.43,-6.97,-0.63
5/9/2024,1283.69,1323.92,1247.46,72376,1261.87,,,
5/10/2024,1453.32,1501.03,1420.96,81320,,1392.44,3.53,0.24
5/11/2024,1331.09,1355.57,1291.3,82901,1348.78,1369.47,,
5/12/2024,1771.56,1817.29,1735.12,70527,1735.7,,-3.22,-0.18
5/13/2024,,,,41305,,,,
5/14/2024,1180.8,1212.48,1139.35,1754,,1183.05,,
5/15/2024,1642.33,1662.32,1593.64,6529,,1654.09,3.83,0.23
5/16/2024,1433.56,1456.77,1411.11,85293,1472.97,1462.07,8.79,0.61
5/17/2024,1292.63,1328.36,,12821,1266.45,1314.74,-8.05,-0.62
5/18/2024,1894.04,,1844.33,99344,1910.43,1944.73,-6.48,-0.34
5/19/2024,1380.97,1405.78,1345.36,86545,,1315.28,,
5/20/2024,1956.66,1998.16,1915.86,73054,,1871.03,-1.11,-0.06
5/21/2024,1820.48,1835.5,,6300,1847.08,1848.71,,
5/22/2024,1624.73,1670.45,1590.92,87514,1629.61,1558.58,2.97,0.18
5/23/2024,1986.31,2011.61,1948.12,49301,2034.32,2005.12,,
5/24/2024,1388.43,1412.37,1373.66,56250,1375.16,1431.46,,
5/25/2024,1456.2,1501.98,1419.73,70124,1485.56,1473.6,1.02,0.07
5/26/2024,1762.21,1784.14,1742.85,12770,1752.52,1813.28,8.74,0.5
5/27/2024,1009.15,1026.57,973.41,69967,992.15,,3.21,0.32
5/28/2024,1537.14,1555.89,1512.97,44907,1525.52,1606.16,,
5/29/2024,1472.71,1512.17,1437.85,,,1531.5,-7.55,-0.51
5/30/2024,1475.95,1512.09,1427.28,,,1445.93,3.55,0.24
5/31/2024,1166.95,1177.12,1144.7,17824,1138.14,1114.23,6.33,0.54
6/1/2024,1051.21,1089.35,1029.7,99531,,1053.2,,
6/2/2024,1754.32,1782.89,1739.45,47129,1713.92,,,
6/3/2024,1031.35,1075,982.25,38715,1059.23,980.99,7.64,0.74
6/4/2024,1445.31,1467.2,1415.82,65946,1468.79,1414.18,0.93,0.06
6/5/2024,1842.49,1871.73,1837.38,84840,1897.64,1811.54,7.63,0.41
6/6/2024,1468.64,1477.63,1434.45,9797,1470.05,,-4.68,-0.32
6/7/2024,1330.14,1342.89,1298.04,64232,1313.18,,-5.95,-0.45
6/8/2024,1230.66,1277.3,,28595,1240.47,1257.14,-1.11,-0.09
6/9/2024,1361.66,1379.4,,,1369.63,1343.15,-9.59,-0.7
6/10/2024,1352.12,,1314,88295,1312.06,1295.17,2.11,0.16
6/11/2024,,,,8549,,,,
6/12/2024,,,,64249,,,,
6/13/2024,1303.45,1313.07,1255.99,80184,1276.94,1359.91,2.85,0.22
6/14/2024,1803.15,1839.31,1782.82,5580,1841.94,1811.65,-0.18,-0.01
6/15/2024,1959.31,2000.11,1920.7,88073,,1965.75,,
6/16/2024,1915.62,1958.89,,97439,,,0.04,0
6/17/2024,1935.66,1980.49,1886.61,72120,1889.83,1888.85,,
6/18/2024,1654.55,1680.74,1613.5,6953,1695.93,1731.63,-0.28,-0.02
6/19/2024,1831.22,1850.23,1794.72,42704,1855.07,,-4.18,-0.23
6/20/2024,1859.89,1904.9,1834.1,51728,1877.96,1894.33,,
6/21/2024,1077.52,1119.22,1035.18,41141,1050.15,,7.86,0.73
6/22/2024,1353.37,1400.83,1305.2,54136,,1347.84,,
6/23/2024,1968.41,1982.66,1950.34,74921,1917.73,2048.45,-8.31,-0.42
6/24/2024,1740,1759.07,1714.73,70200,1792.02,1705.36,-8.35,-0.48
6/25/2024,1324.45,1343.86,1276.24,38304,,1336.79,2.26,0.17
6/26/2024,,,,98798,,,,
6/27/2024,1509.7,1528.26,1471.73,18844,1518.88,1567.07,-0.17,-0.01
6/28/2024,1702.67,1716.29,1674.26,7961,1690.25,1685.33,-0.98,-0.06
6/29/2024,1307.49,1330.12,1283.87,20091,1327.76,,,
6/30/2024,1815.34,1833.71,1765.73,16431,1763,1806.38,-8.23,-0.45
7/1/2024,1319.75,1344.81,1285.41,95409,1323.9,1299.32,,
7/2/2024,,,,,,,,
7/3/2024,1056.99,1105.67,1026.86,98376,,1075.17,,
7/4/2024,1945.71,1987.62,1903.24,3893,1947.18,1860.58,3.34,0.17
7/5/2024,,,,87316,,,,
7/6/2024,,,,28302,,,,
7/7/2024,1279.18,1327.2,1266.26,29717,1305.92,,9.31,0.73
7/8/2024,1287.65,1309.18,,80355,1303.01,1249.29,7.99,0.62
7/9/2024,1395.07,1437.52,1362.62,56625,,1460.08,,
7/10/2024,1383.71,1416.53,,,,1326.63,-8.85,-0.64
7/11/2024,1835.88,1875.04,1808.26,94615,1846.82,1857.92,4.23,0.23
7/12/2024,1715.67,1746.47,1687.19,42163,,1749.04,7.87,0.46
7/13/2024,,,,4030,,,,
7/14/2024,1405.66,1428.21,,92113,1421.69,1346.42,2.38,0.17
7/15/2024,1203.79,1221.37,1167.18,89721,1210.44,,-5.61,-0.47
7/16/2024,1512.17,1536.58,1478.07,61477,,1480.86,-9.65,-0.64
7/17/2024,1330.86,1358.35,1315.49,,,1271.55,,
7/18/2024,1682.53,1702.53,1641.39,29201,1727.18,1743.12,,
7/19/2024,1531.82,1567.26,1488.65,59532,1553.56,1525.84,8.85,0.58
7/20/2024,1338.34,1351.15,1319.38,,1319.38,1371.75,7.87,0.59
7/21/2024,1172.49,1194.81,1152.82,60387,1142.14,,8.61,0.73
7/22/2024,1379.44,1409.76,1347.06,64688,1355.73,1349.1,4.58,0.33
7/23/2024,,,,5512,,,,
7/24/2024,,,,51885,,,,
7/25/2024,1944.79,,1895.79,44726,1986.64,1853.89,6.75,0.35
7/26/2024,1887.26,,1850.54,92244,1934.88,1846.19,8.04,0.43
7/27/2024,1297.8,1328.26,1272.94,46784,1297.25,1283.52,,
7/28/2024,1853.03,1871.17,1808.17,39884,1866.51,1854.57,3.88,0.21
7/29/2024,1299.71,1334.29,1253.64,,1261.72,,,
7/30/2024,1145.12,1178.1,1097.42,18546,1119.81,1197.97,,
7/31/2024,1683.24,1720.92,1641.52,7935,1700.97,1665.2,,
8/1/2024,1176.3,1219.27,1160.5,44954,1186.16,1128.18,-3.02,-0.26
8/2/2024,1935.25,1942.54,1909.45,62830,1962.93,1883.73,5.74,0.3
8/3/2024,1415.01,1427.66,1380.85,,1438.12,1455.78,,
8/4/2024,1765.83,1794.61,1759.65,5985,1797.24,,,
8/5/2024,1204.23,1249.12,1155.94,54061,1182.78,1264.22,,
8/6/2024,1582.71,1611.06,1545.41,14834,,1652.94,,
8/7/2024,1969.81,2016.46,1933.66,28103,1976.17,1898.14,-2.35,-0.12
8/8/2024,1424.1,1441.03,1385.5,29745,1432.01,1465.7,9.44,0.66
8/9/2024,1828.14,1835.56,1816.03,40290,1856.29,1797.54,-2.43,-0.13
8/10/2024,1896.39,1901.54,1878.25,6741,1868.03,,-7.3,-0.38
8/11/2024,1797.45,1841.11,1769.05,95158,1772.14,1751.4,-8.99,-0.5
8/12/2024,1854.74,1875.17,1828.77,3499,,1910.76,,
8/13/2024,1954.65,1971.4,1931.03,,1924.58,1983.1,8.46,0.43
8/14/2024,1153.54,1188.62,1121.92,28799,1122.66,1123.05,-9.55,-0.83
8/15/2024,1054.24,1074.21,1035.05,48992,1059.61,1004.28,-2.89,-0.27
8/16/2024,1195.24,1209.56,1171.97,79851,,1224.02,,
8/17/2024,1690.46,1711.55,1666.59,47932,1650.3,1702.69,0.87,0.05
8/18/2024,1107.53,1148.56,1080.18,1151,1135.48,,,
8/19/2024,1395.88,1414.87,1355.89,1227,,1397.08,3.14,0.22
8/20/2024,1494.6,1541.06,1449.83,49067,1493.82,1533.93,,
8/21/2024,1219.72,1240.34,1197.32,40389,,1212.07,9.24,0.76
8/22/2024,,,,55987,,,,
8/23/2024,1416.62,1466.08,1382,26424,1454.73,1365.51,9.24,0.65
8/24/2024,1259.72,1268.16,1214.27,36529,1262.96,1218.08,,
8/25/2024,1245.58,1257.47,1211.6,68580,1275.7,1298.19,-2.24,-0.18
8/26/2024,1572.19,1593.81,1566.62,65975,1612.83,1599.99,,
8/27/2024,1005.69,1051.54,,53336,1027.62,989.6,,
8/28/2024,1206.94,1234.32,1198.43,,1196.33,1167.58,7.67,0.64
8/29/2024,1758.75,1764.24,1746.38,1724,1799.88,,,
8/30/2024,1112.27,1159.93,1068.08,90510,,,,
8/31/2024,1967.96,1994.75,1957.43,16526,1970.06,1916.61,-7.68,-0.39
9/1/2024,1163.76,1196.08,1114.88,4607,,1145.55,,
9/2/2024,1845.98,1864.28,1827.31,28125,1853.91,1815.85,-6.25,-0.34
9/3/2024,1040.5,1085.46,1032.32,4012,1055.94,1028.73,-3.71,-0.36
9/4/2024,,,,15152,,,,
9/5/2024,,,,8187,,,,
9/6/2024,1050.5,1087.7,1036.57,38025,1058.85,1036.47,,
9/7/2024,1764.55,1798.45,1750.18,48604,1748.7,,-3.68,-0.21
9/8/2024,1242.54,,1205.03,81205,1212.12,1198.5,-1.45,-0.12
9/9/2024,1588.89,1606.21,1568,51937,1548.47,,-0.88,-0.06
9/10/2024,1907.96,1939.27,1859.17,45988,1931.4,1948.67,,
9/11/2024,1552.23,1574.3,1544.12,81079,1582.32,1588.16,-3.77,-0.24
9/12/2024,1424.94,1434.74,1379.4,87914,1436.78,1490.42,,
9/13/2024,1147.31,1195.66,1136.65,22921,1133.88,,,
9/14/2024,1681.75,1724.46,1671.95,65386,,1601.82,,
9/15/2024,1492.1,1520.07,1486.87,95553,1473.16,1427.22,,
9/16/2024,1783.58,1813.9,1774.07,,1772.89,1758.44,-0.97,-0.05
9/17/2024,1635.5,1681.39,1589.61,54792,1589.25,,3.75,0.23
9/18/2024,1176.34,1188.68,1159.3,62629,1155.46,1138.6,-9.04,-0.77
9/19/2024,,,,21075,,,,
9/20/2024,1012.65,1047.21,975.62,76697,,1026.3,4.04,0.4
9/21/2024,1997.62,2044.52,1956.91,78231,2002.94,,1.2,0.06
9/22/2024,1040.87,1085.79,994.74,13833,1026.29,1003.58,,
9/23/2024,,,,92480,,,,
9/24/2024,,,,82314,,,,
9/25/2024,1485.13,1504.33,1445.73,39812,1510.23,,-3.13,-0.21
9/26/2024,1949.23,,1937.01,36064,,1970.49,6.03,0.31
9/27/2024,1044.3,1092.65,1038.46,20377,1030.08,1015.48,,
9/28/2024,1946.89,1992.46,1937.35,13252,2001.72,1896.74,8.94,0.46
9/29/2024,1718.11,1756.47,1697.84,4508,1738.92,,6.72,0.39
9/30/2024,1903.63,1917.64,1875.55,,1912.85,1865.49,7.69,0.4
10/1/2024,1143.66,1163.5,1112.92,26949,1119.29,1179.98,,
10/2/2024,1094.38,1106.21,1061.04,,,,9.02,0.82
10/3/2024,1038.42,1083.58,996.55,79189,1066.42,1064.33,-9.52,-0.92
10/4/2024,1482.84,1492.47,1452.17,78317,1495.98,1549.96,,
10/5/2024,1944.24,1969.55,1937.97,,,1982.81,,
10/6/2024,1781.15,1816.55,1769.55,39217,1779.01,1854.36,-2.67,-0.15
10/7/2024,1469.03,1514.34,1431.88,83755,1456.7,1523.08,,
10/8/2024,1482.36,1498.55,1437.67,81782,1476.11,1530.9,,
10/9/2024,1990.13,2026.03,1950.64,81047,1965.66,2048.71,,
10/10/2024,1815.25,1849.46,1796.83,18411,,1732.38,,
10/11/2024,,,,70545,,,,
10/12/2024,1568.69,1575.98,1527.45,4396,1576.79,1502.75,2.96,0.19
10/13/2024,1640.62,1657.01,1596.57,,1607.42,1719.29,,
10/14/2024,1594.27,1605.93,1570.86,,,1578.34,-5.3,-0.33
10/15/2024,1599.35,1635.23,1564.28,6689,1585.8,1551.56,1.49,0.09
10/16/2024,1005.37,1012.37,997.64,9451,983.44,988.67,,
10/17/2024,1224.19,1250.12,1192.61,99451,1229.73,1240.49,,
10/18/2024,1434.04,1470.32,1392.2,53125,1474.64,1435.29,-3.61,-0.25
10/19/2024,1437.63,1444.45,1430,7413,,,-4.04,-0.28
10/20/2024,1640.29,1684,1618.7,40681,1656.24,1647.96,,
10/21/2024,1411.66,1420.66,1361.72,62184,1436.75,1389.03,-6.05,-0.43
10/22/2024,1671.21,1692.43,1632.39,29307,1670.53,1649.74,1.63,0.1
10/23/2024,1870.88,1910.26,1830.86,61774,1834.87,1800.53,-1.54,-0.08
10/24/2024,1383.51,1397.52,1344.93,62193,1357.48,1391.09,,
10/25/2024,,,,7750,,,,
10/26/2024,1931.46,1936.72,1909.23,65778,1889.3,,,
10/27/2024,1610.44,1642.65,1574.06,81065,1642.61,1666.94,-4.25,-0.26
10/28/2024,1559.28,1606.52,1529.7,84676,1534.93,1586.17,,
10/29/2024,,,,86973,,,,
10/30/2024,1731.92,1766.12,1711.91,2529,1732.11,1757.75,,
10/31/2024,1533.16,1572.22,1517.03,66290,1552.96,1558.22,,
11/1/2024,1860.13,1880.93,1826.96,22791,1825.92,1858.26,-6.09,-0.33
11/2/2024,1948.85,1960.19,1926.77,55484,1949.78,2008.85,,
11/3/2024,1452.8,1494.88,1434.51,24896,1463.59,1409.63,,
11/4/2024,1978.52,1998.81,1948.62,52207,1932.5,2039.97,,
11/5/2024,1374.05,1407.7,1347.3,89867,1357.36,1319.88,-3.67,-0.27
11/6/2024,1357.94,1369.98,1310.44,78774,1391.22,1313.85,7.2,0.53
11/7/2024,1652.1,1661.07,1646.79,10840,1637.95,1693.88,5.33,0.32
11/8/2024,1480.85,1499.32,1460.77,85723,1454.07,1455.89,5.51,0.37
11/9/2024,1436.22,1449.88,1426.32,82504,1466.94,1464.59,9.82,0.68
11/10/2024,1357.3,1368.03,1335.46,65806,1364.86,1299.89,-1.74,-0.13
11/11/2024,1616.89,1631.17,1567.84,,1639.82,1605.86,1.86,0.12
11/12/2024,1780.2,1822.03,1764.24,61340,1735.48,1727.48,,
11/13/2024,,,,9120,,,,
11/14/2024,1431.02,1442.53,1399.76,11276,,1414.48,,
11/15/2024,1098.44,1144.33,1071.94,72141,1121.62,1051.6,-2.55,-0.23
11/16/2024,1040.17,1051.63,1000.98,,1010.29,1030.72,9.19,0.88
11/17/2024,1919.44,1956.7,1910.26,75701,1964.29,,-3.95,-0.21
11/18/2024,1402.27,1451.43,1356.71,61506,1414.88,1382.45,-8.35,-0.6
11/19/2024,,,,56910,,,,
11/20/2024,1012.84,1038.64,1007.75,8856,1004.86,1024.33,-1.06,-0.1
11/21/2024,1730.68,1738.17,1710.66,2170,1737.27,1811.01,3.24,0.19
11/22/2024,,,,4173,,,,
11/23/2024,1253.78,1298.25,,51757,,1274.37,-4.97,-0.4
11/24/2024,1436.53,1450.24,1423.79,54407,1476.01,1401.44,5.73,0.4
11/25/2024,1351.73,1385.59,1326.35,39393,1374.09,1303.14,6.13,0.45
11/26/2024,1443.56,1490.7,1402.56,44132,1483.87,1393.51,9.77,0.68
11/27/2024,1933.07,1947.52,,85087,1972.89,1918.92,,
11/28/2024,1242.24,1272.2,1223.92,1315,1204.98,1236.62,0.61,0.05
11/29/2024,1454.37,1495.79,1429.44,30518,1481.85,1455.31,,
11/30/2024,1199.19,1218.4,1169.78,,1184.53,1156.86,1.59,0.13
12/1/2024,1731.53,1755.78,1711.59,97589,1729.98,1742.37,,
12/2/2024,1476.9,1485.95,1457.6,,,1491.03,-9.27,-0.63
12/3/2024,1622.04,1632.16,1581.43,81864,1588.88,1643.5,-2.05,-0.13
12/4/2024,1943.76,1951.39,1926.1,26801,1909.22,1963.07,,
12/5/2024,1491.91,1509.28,1445.72,,1493.84,,7.68,0.51
12/6/2024,1261.73,1303.52,1233.94,17423,1248.74,1318.72,,
12/7/2024,1605.81,1619.1,1597.71,7483,1621.32,1558.52,-3.76,-0.23
12/8/2024,1335.07,1365.53,1287.26,41750,1331.96,1343.64,9.58,0.72
12/9/2024,,,,57834,,,,
12/10/2024,,,,37744,,,,
12/11/2024,1254.5,1279.9,1231.16,34014,1277.99,1237.44,,
12/12/2024,1036.81,1043.15,1021.32,70722,1011.09,1030.9,1.05,0.1
12/13/2024,1972.82,2005.2,1945.65,40061,1979.65,2017.15,-1.66,-0.08
12/14/2024,,,,,,,,
12/15/2024,1670.92,1677.44,1662.88,3693,,1607.55,,
12/16/2024,1438.93,,1423.62,,1449.22,,,
12/17/2024,1080.2,1126.39,1042.83,33473,1063.56,1048.57,,
12/18/2024,1957.57,1980.48,1937.57,57182,1925.57,2045.72,2.13,0.11
12/19/2024,1540.08,1589.3,1493.34,,1584.78,1575.55,-5.67,-0.37
12/20/2024,1184.51,1231.42,1139.8,40580,1201.49,1153.4,-8.4,-0.71
12/21/2024,,,,25911,,,,
12/22/2024,1123.58,1162.03,1095.9,47845,1155.06,1076.94,,
12/23/2024,1634.44,,1592.78,,1629.01,1714.02,,
12/24/2024,1070.94,1082.59,1064.32,96681,1101.8,1117.44,-0.69,-0.06
12/25/2024,1879.63,1918.2,1860.08,15924,1883.66,,-6.09,-0.32
12/26/2024,1606.47,1619.37,1570.31,13774,1618.61,1567.65,,
12/27/2024,,,,,,,,
12/28/2024,1821.14,1855.25,1791.08,29597,1768.35,1760.18,-2.55,-0.14
12/29/2024,1466.77,1505.52,1459.27,39550,1436.62,1407.93,-7.47,-0.51
12/30/2024,1302.15,1308.34,1283.5,51012,1312.37,,,
12/31/2024,1898.49,1917.83,1850.31,88665,1934.19,1977.68,4.67,0.25
1/1/2025,1241.84,1284.05,1204.48,97147,1268.39,1225.75,,
1/2/2025,1738.13,1777.66,1715.2,70995,,1658.36,,
1/3/2025,1621.2,1627.9,1597.93,94052,,1576.34,9.49,0.59
1/4/2025,1243.48,1288.47,1212.38,39465,1218.68,1214,5.97,0.48
1/5/2025,1924.54,1954.47,1885.79,53997,1909.33,1982.59,,
1/6/2025,1249.21,1293.54,1233.13,48123,,,,
1/7/2025,1158.09,1206.7,1148.52,,1165.29,1177.13,,
1/8/2025,1597.68,1642.88,1550.01,28140,1602.09,1651.83,-0.71,-0.04
1/9/2025,1616.34,1658.14,1610.5,70662,,,-7.84,-0.49
1/10/2025,1993.89,2022.2,1958.48,42210,,2012.93,,
1/11/2025,1704.88,1717.95,1657.96,,,1746.68,,
1/12/2025,1658.11,1707.79,1630.56,49220,1633.26,1700.56,-7.61,-0.46
1/13/2025,1059.94,1090.12,1044.32,68051,1088.18,1078.68,,
1/14/2025,1788.33,1817.07,1777.89,37391,1766.93,1819.3,,
1/15/2025,1657.29,1684.82,1635.48,55322,1684.77,1616.41,6.03,0.36
1/16/2025,1839.22,1872.33,1831.87,78406,1861.14,1916.96,,
1/17/2025,1334.83,1359.52,1319.9,77256,1352.61,1352.22,-2.56,-0.19
1/18/2025,1469.08,1518.4,1436.99,47442,1479.81,1498.23,3.44,0.23
1/19/2025,1475.86,1521.28,1440.12,59302,1487.06,1502.21,-2.17,-0.15
1/20/2025,1695.06,1723.45,1656.49,14568,,1698.1,0.81,0.05
1/21/2025,,,,87277,,,,
1/22/2025,1178.76,1202.98,1155.21,77256,1158.66,,,
1/23/2025,1479.17,1526.75,1470.71,77459,1493.75,1431.29,-8.69,-0.59
1/24/2025,1676.64,1717.47,1655.93,17641,,1690.92,0.72,0.04
1/25/2025,1369.14,1407.79,1349.34,11372,,1361.35,-7.81,-0.57
1/26/2025,1416.13,1451.75,1380.73,1450,1428.53,1360.52,-7.72,-0.55
1/27/2025,1933.32,1957.62,1889.21,26987,1935.58,2008.94,-3.65,-0.19
1/28/2025,,,,86466,,,,
1/29/2025,,,,35491,,,,
1/30/2025,,,,63820,,,,
1/31/2025,1422.24,1457.49,1383.65,2315,1417.86,1376.37,,
2/1/2025,1911.1,1951.4,1896.41,52382,1910.12,1861.7,6.04,0.32
2/2/2025,1863.11,1872.64,1821.65,,,1899.07,9.46,0.51
2/3/2025,1324.59,1331.87,1306.8,7929,1347.76,1309.05,0.85,0.06
2/4/2025,1414.72,1460.19,1382.29,88242,1380.04,,7.74,0.55
2/5/2025,1214.06,,1206.18,69507,1185.1,1263.23,-2.55,-0.21
2/6/2025,1501.54,1514.81,1457.83,54089,1502.68,1503.7,-5.84,-0.39
2/7/2025,1000.42,1047.41,977.27,3202,,1020.46,-6.91,-0.69
2/8/2025,1386.66,1416.37,1375.24,89336,1353.97,1368.11,-8.66,-0.62
2/9/2025,1010.62,1044.88,990.32,,997.88,1030.43,,
